quiz_id,quiz_title,week,book,topic,reference_id,question,question_type,difficulty,answer_choice_1,answer_choice_2,answer_choice_3,answer_choice_4,correct_answer,passages,learning_objective,explanation,common_misconception,points,required,shuffle_answers,tags,active
W15,Week 15 — Mark 1–2 (The Servant Begins),15,Mark,Opening,W15-Q01,How does Mark begin his Gospel?,recall,easy,With a genealogy,With the birth of Jesus,"With “The beginning of the gospel of Jesus Christ, the Son of God”",With a vision of heaven,"With “The beginning of the gospel of Jesus Christ, the Son of God”",Mark 1:1,Recall how Mark opens his account.,"Mark skips birth narratives and opens by declaring Jesus’ identity: Christ, Son of God.",Some expect every Gospel to begin like Matthew or Luke with a birth story.,1,TRUE,FALSE,"mark1,opening",TRUE
W15,Week 15 — Mark 1–2 (The Servant Begins),15,Mark,Baptism,W15-Q02,Who baptized Jesus?,recall,easy,Peter,John the Baptist,Elijah,A priest in the temple,John the Baptist,Mark 1:9,Identify who baptized Jesus.,Jesus came from Nazareth and was baptized by John in the Jordan.,Some confuse John the Baptist with the apostle John.,1,TRUE,FALSE,"baptism,john",TRUE
W15,Week 15 — Mark 1–2 (The Servant Begins),15,Mark,Calling,W15-Q03,What did the four friends do to get the paralytic to Jesus?,recall,easy,Waited at the door,Lowered him through the roof,Carried him to the synagogue,Sent a message,Lowered him through the roof,Mark 2:3-4,Recall the determined faith of the paralytic’s friends.,"The crowd blocked the door, so they dug through the roof and lowered the bed.","The detail shows active faith, not mere curiosity.",1,TRUE,FALSE,"paralytic,faith",TRUE
W15,Week 15 — Mark 1–2 (The Servant Begins),15,Mark,Mission,W15-Q04,Whom did Jesus say He came to call?,recall,easy,The righteous,The religious leaders,Sinners,The wealthy,Sinners,Mark 2:17,Understand who Jesus came for.,"Eating with tax collectors, Jesus said the sick need a physician — He came to call sinners.",Some think Jesus sought out the already-righteous.,1,TRUE,FALSE,"sinners,levi",TRUE
W15,Week 15 — Mark 1–2 (The Servant Begins),15,Mark,Identity,W15-Q05,What happened when Jesus came up out of the baptismal water?,recall,medium,The crowd worshiped Him,The heavens were torn open and the Spirit descended like a dove,An angel appeared,John announced Him as king,The heavens were torn open and the Spirit descended like a dove,Mark 1:10-11,Recognize the divine affirmation at the baptism.,"The Spirit descended and the Father declared, “You are my beloved Son.”",All three persons of the Trinity appear in the scene together.,2,TRUE,FALSE,"baptism,spirit",TRUE
W15,Week 15 — Mark 1–2 (The Servant Begins),15,Mark,Calling,W15-Q06,What were Simon and Andrew doing when Jesus called them?,recall,medium,Mending the boat,Casting a net into the sea,Selling fish at market,Praying at the synagogue,Casting a net into the sea,Mark 1:16-18,Recall the call of the first disciples.,Jesus called working fishermen to become fishers of men — and they immediately followed.,"They were at work, not at worship, when called.",2,TRUE,FALSE,"calling,fishermen",TRUE
W15,Week 15 — Mark 1–2 (The Servant Begins),15,Mark,Prayer,W15-Q07,Why did Jesus rise very early and go to a desolate place?,interpretation,medium,To escape the crowds permanently,To pray,To fast,To wait for the disciples,To pray,Mark 1:35,See Jesus’ dependence on prayer.,"Amid intense ministry demand, Jesus withdrew to pray before the day began.","His withdrawal was for communion with the Father, not avoidance of people.",2,TRUE,FALSE,prayer,TRUE
W15,Week 15 — Mark 1–2 (The Servant Begins),15,Mark,Authority,W15-Q08,What claim scandalized the scribes at the healing of the paralytic?,interpretation,medium,That Jesus could heal on the Sabbath,That Jesus could forgive sins,That Jesus was Elijah,That Jesus would rebuild the temple,That Jesus could forgive sins,Mark 2:5-12,Connect the healing to Jesus’ authority to forgive.,“Who can forgive sins but God alone?” — Jesus healed to show the Son of Man’s authority to forgive.,The miracle served the greater claim; forgiveness was the point.,2,TRUE,FALSE,"forgiveness,authority",TRUE
W15,Week 15 — Mark 1–2 (The Servant Begins),15,Mark,Prophecy,W15-Q09,How does Isaiah 40:3 frame John the Baptist’s ministry?,theological,hard,As a call to rebuild the temple,As a voice preparing the way of the Lord,As a promise of military victory,As a rebuke of Israel’s kings,As a voice preparing the way of the Lord,Mark 1:2-3; Isaiah 40:3,Connect Mark’s opening citation to its OT context.,Isaiah’s herald prepares the way for the LORD Himself — Mark applies it to Jesus’ coming.,"The citation quietly identifies Jesus with the coming of God, not merely a prophet.",3,TRUE,FALSE,"isaiah40,john",TRUE
W15,Week 15 — Mark 1–2 (The Servant Begins),15,Mark,Sonship,W15-Q10,"At the baptism, “You are my beloved Son” echoes which Old Testament passage?",theological,hard,Genesis 1,Psalm 2,Isaiah 6,Deuteronomy 8,Psalm 2,Mark 1:11; Psalm 2:7,Hear the royal-messianic echo in the Father’s words.,Psalm 2 is God’s enthronement word to His anointed King — the baptism declares Jesus that King.,"The words are royal installation language, not only affection.",3,TRUE,FALSE,"psalm2,sonship",TRUE
W15,Week 15 — Mark 1–2 (The Servant Begins),15,Mark,Sabbath,W15-Q11,"What does “the Sabbath was made for man, not man for the Sabbath” teach?",interpretation,hard,The Sabbath no longer matters,"God’s gifts serve people, and the Son of Man is Lord of the Sabbath",Rules always outweigh needs,Only priests may interpret the law,"God’s gifts serve people, and the Son of Man is Lord of the Sabbath",Mark 2:27-28,Grasp Jesus’ authority over the Sabbath.,"The Sabbath is God’s gift for human good, and Jesus has authority over its meaning.",Jesus was not abolishing rest but exposing legalism.,3,TRUE,FALSE,sabbath,TRUE
W15,Week 15 — Mark 1–2 (The Servant Begins),15,Mark,Style,W15-Q12,Why does Mark repeatedly say “immediately” in chapter 1?,theological,hard,To show poor editing,To portray the Servant-King acting with urgency as the kingdom breaks in,To compress an unimportant period,To imitate Roman historians,To portray the Servant-King acting with urgency as the kingdom breaks in,Mark 1:12-45,Recognize Mark’s fast-moving Servant portrait.,"Mark’s style presents Jesus in constant, urgent action — the Servant at work.","The pace is a theological portrait, not careless writing.",3,TRUE,FALSE,"style,servant",TRUE
W16,Week 16 — Mark 3–4 (The Servant Under Opposition),16,Mark,Sabbath Conflict,W16-Q01,What did Jesus do in the synagogue that led leaders to plot against Him?,recall,easy,Cleansed the temple,Healed a man with a withered hand on the Sabbath,Read from Isaiah,Rebuked a demon,Healed a man with a withered hand on the Sabbath,Mark 3:1-6,Recall the Sabbath healing and its cost.,Jesus healed on the Sabbath; Pharisees and Herodians began plotting to destroy Him.,"Doing good on the Sabbath was the issue, not breaking God’s law.",1,TRUE,FALSE,"sabbath,healing",TRUE
W16,Week 16 — Mark 3–4 (The Servant Under Opposition),16,Mark,Apostles,W16-Q02,How many apostles did Jesus appoint on the mountain?,recall,easy,Seven,Ten,Twelve,Seventy,Twelve,Mark 3:13-19,Recall the appointing of the twelve.,Jesus appointed twelve to be with Him and to be sent out to preach.,Being “with Him” came before being sent.,1,TRUE,FALSE,"apostles,twelve",TRUE
W16,Week 16 — Mark 3–4 (The Servant Under Opposition),16,Mark,Sower,W16-Q03,"In the parable of the sower, what is the seed?",recall,easy,Faith,The word,The kingdom,Good works,The word,Mark 4:14,Recall the parable’s key symbol.,“The sower sows the word” — the soils are responses to it.,"The variable is the soil, not the seed.",1,TRUE,FALSE,"sower,word",TRUE
W16,Week 16 — Mark 3–4 (The Servant Under Opposition),16,Mark,Storm,W16-Q04,What did Jesus say to the wind and sea?,recall,easy,“Be gone!”,“Peace! Be still!”,“Fear not!”,“Obey the Lord!”,“Peace! Be still!”,Mark 4:39,Recall Jesus’ command over the storm.,"Jesus rebuked the wind and spoke to the sea, and there was a great calm.",He commanded creation directly — no prayer for rescue was needed.,1,TRUE,FALSE,storm,TRUE
W16,Week 16 — Mark 3–4 (The Servant Under Opposition),16,Mark,Family,W16-Q05,What did Jesus’ family say about Him when crowds pressed in?,recall,medium,“He is the Messiah”,“He is out of his mind”,“He must be crowned”,“He should rest”,“He is out of his mind”,Mark 3:21,See that even Jesus’ family misunderstood Him.,"His family went to seize Him, saying He was out of His mind.",Misunderstanding came even from those closest to Him.,2,TRUE,FALSE,"family,opposition",TRUE
W16,Week 16 — Mark 3–4 (The Servant Under Opposition),16,Mark,Accusation,W16-Q06,By whose power did the scribes claim Jesus cast out demons?,recall,medium,Elijah’s,Beelzebul’s,Moses’,Caesar’s,Beelzebul’s,Mark 3:22,Recall the scribes’ accusation.,They attributed His exorcisms to the prince of demons; Jesus answered that a divided house cannot stand.,"The charge was not that He failed, but that His power was evil.",2,TRUE,FALSE,beelzebul,TRUE
W16,Week 16 — Mark 3–4 (The Servant Under Opposition),16,Mark,True Family,W16-Q07,Who did Jesus say is His brother and sister and mother?,recall,medium,His blood relatives,The twelve only,Whoever does the will of God,The crowds who followed,Whoever does the will of God,Mark 3:34-35,Understand Jesus’ redefinition of family.,"Looking at those seated around Him, Jesus defined His family by obedience to God.","Belonging is defined by doing God’s will, not lineage.",2,TRUE,FALSE,family,TRUE
W16,Week 16 — Mark 3–4 (The Servant Under Opposition),16,Mark,Lamp,W16-Q08,What does the saying about the lamp and the basket teach?,interpretation,medium,Secrets should stay hidden,What is hidden is meant to come to light,Lamps were costly,Teaching should be private,What is hidden is meant to come to light,Mark 4:21-22,Interpret the lamp saying within the parable section.,The kingdom’s present hiddenness is temporary — the word is meant to shine.,"The saying is about the kingdom’s disclosure, not household advice.",2,TRUE,FALSE,"lamp,kingdom",TRUE
W16,Week 16 — Mark 3–4 (The Servant Under Opposition),16,Mark,Parables,W16-Q09,Why does Jesus cite Isaiah 6 to explain speaking in parables?,theological,hard,To prove His learning,Because parables reveal truth to the responsive and conceal it from the hardened,To confuse everyone equally,To fulfill a ritual requirement,Because parables reveal truth to the responsive and conceal it from the hardened,Mark 4:10-12; Isaiah 6:9-10,Understand the dual function of parables.,"Like Isaiah’s ministry, parables both disclose and judge, exposing the hearers’ hearts.",Parables are not simple illustrations; they divide hearers.,3,TRUE,FALSE,"isaiah6,parables",TRUE
W16,Week 16 — Mark 3–4 (The Servant Under Opposition),16,Mark,Growing Seed,W16-Q10,What does the parable of the seed growing secretly teach about the kingdom?,theological,hard,It advances by human effort,It grows by God’s power even while the farmer sleeps,It grows only in good times,It requires constant anxiety,It grows by God’s power even while the farmer sleeps,Mark 4:26-29,Trust God’s hidden work in kingdom growth.,The earth produces “by itself” — growth is God’s doing from sowing to harvest.,"Faithful sowing matters, but the power is God’s, not ours.",3,TRUE,FALSE,"kingdom,growth",TRUE
W16,Week 16 — Mark 3–4 (The Servant Under Opposition),16,Mark,Warning,W16-Q11,What is the blasphemy against the Holy Spirit in its context?,theological,hard,Any doubt about God,Persistently attributing the Spirit’s work in Jesus to Satan,Speaking against the church,Breaking the Sabbath,Persistently attributing the Spirit’s work in Jesus to Satan,Mark 3:28-30,Read the warning in its narrative context.,"Mark ties the saying to the scribes’ claim that Jesus had an unclean spirit — a settled, hardened rejection.",A believer anxious about this sin shows the very sensitivity that hardened rejection lacks.,3,TRUE,FALSE,"blasphemy,spirit",TRUE
W16,Week 16 — Mark 3–4 (The Servant Under Opposition),16,Mark,Who Is This,W16-Q12,"How does Psalm 107:23-30 deepen the disciples’ question, “Who then is this?”",theological,hard,It describes Jonah’s storm,It says the LORD stills storms — Jesus does what only God does,It promises calm seas to sailors,It commands fearlessness,It says the LORD stills storms — Jesus does what only God does,Mark 4:35-41; Psalm 107:23-30,Connect the stilled storm to God’s own power.,"In the psalm, sailors cry to the LORD who makes the storm be still; Mark shows Jesus in that role.","The miracle is a claim about Jesus’ identity, not just His compassion.",3,TRUE,FALSE,"psalm107,identity",TRUE
W17,Week 17 — Mark 5–6 (The Compassionate Servant),17,Mark,Legion,W17-Q01,Where did the man with the unclean spirit live?,recall,easy,In the synagogue,Among the tombs,In a fishing village,In the wilderness of Judea,Among the tombs,Mark 5:2-5,Recall the Gerasene demoniac’s condition.,No one could bind him; night and day he cried out among the tombs.,His restoration — clothed and in his right mind — is the point of the scene.,1,TRUE,FALSE,"legion,tombs",TRUE
W17,Week 17 — Mark 5–6 (The Compassionate Servant),17,Mark,Healing,W17-Q02,Who was healed by touching Jesus’ garment?,recall,easy,A blind beggar,A woman with a twelve-year discharge of blood,A leper,Jairus’s daughter,A woman with a twelve-year discharge of blood,Mark 5:25-29,Recall the woman healed in the crowd.,"After twelve years and many physicians, she touched His garment and was healed.","Jesus insisted on meeting her personally — faith, not magic, healed her.",1,TRUE,FALSE,"healing,faith",TRUE
W17,Week 17 — Mark 5–6 (The Compassionate Servant),17,Mark,Jairus,W17-Q03,What did Jesus say to Jairus’s daughter?,recall,easy,“Ephphatha”,"“Talitha cumi” — “Little girl, arise”",“Your sins are forgiven”,“Go and sin no more”,"“Talitha cumi” — “Little girl, arise”",Mark 5:41,Recall the raising of Jairus’s daughter.,Mark preserves Jesus’ Aramaic words as He raised the twelve-year-old girl.,Jesus treated death as sleep He could wake.,1,TRUE,FALSE,"jairus,resurrection",TRUE
W17,Week 17 — Mark 5–6 (The Compassionate Servant),17,Mark,Feeding,W17-Q04,How much food did the disciples find for the five thousand?,recall,easy,Seven loaves,Five loaves and two fish,Twelve baskets,Two loaves and five fish,Five loaves and two fish,Mark 6:38,Recall the feeding of the five thousand.,"From five loaves and two fish, all ate and were satisfied, with twelve baskets left.",The leftovers exceeded the starting supply.,1,TRUE,FALSE,feeding,TRUE
W17,Week 17 — Mark 5–6 (The Compassionate Servant),17,Mark,Faith,W17-Q05,What did Jesus tell Jairus when news came that his daughter had died?,recall,medium,“Come back tomorrow”,"“Do not fear, only believe”",“It is too late”,“Prepare the funeral”,"“Do not fear, only believe”",Mark 5:36,Hear Jesus’ word to a grieving father.,"Overhearing the report, Jesus called Jairus past fear into faith.",Faith was called for after hope seemed gone.,2,TRUE,FALSE,"faith,jairus",TRUE
W17,Week 17 — Mark 5–6 (The Compassionate Servant),17,Mark,Nazareth,W17-Q06,Why could Jesus do no mighty work in His hometown?,recall,medium,The crowds were too large,Their unbelief,The leaders forbade it,He was never there,Their unbelief,Mark 6:5-6,Connect unbelief with Nazareth’s barrenness.,He marveled at their unbelief; familiarity bred contempt — “Is not this the carpenter?”,"The limit lay in their rejection, not in His power.",2,TRUE,FALSE,"nazareth,unbelief",TRUE
W17,Week 17 — Mark 5–6 (The Compassionate Servant),17,Mark,John,W17-Q07,How did John the Baptist die?,recall,medium,Stoned by a crowd,Beheaded by Herod after a rash oath,Killed in prison by guards,Exiled and lost,Beheaded by Herod after a rash oath,Mark 6:21-28,Recall the martyrdom of John.,Herodias used her daughter’s dance and Herod’s oath to demand John’s head.,"Herod feared and even liked to hear John, yet still yielded.",2,TRUE,FALSE,"john,herod",TRUE
W17,Week 17 — Mark 5–6 (The Compassionate Servant),17,Mark,Sea,W17-Q08,What did the disciples think when they saw Jesus walking on the sea?,recall,medium,That He was Elijah,That He was a ghost,That the storm had ended,That they were dreaming,That He was a ghost,Mark 6:49,Recall the disciples’ terror on the sea.,"They cried out in fear; Jesus said, “Take heart; it is I. Do not be afraid.”",Their hearts were hardened — they had not understood about the loaves.,2,TRUE,FALSE,"sea,fear",TRUE
W17,Week 17 — Mark 5–6 (The Compassionate Servant),17,Mark,Mission,W17-Q09,What does sending the twelve out two by two with almost nothing teach?,interpretation,hard,Poverty is holy in itself,Dependence on God and urgency in the mission,Travel was cheap,Preachers should avoid homes,Dependence on God and urgency in the mission,Mark 6:7-13,Interpret the instructions for the mission of the twelve.,"No bread, bag, or money — they were to trust God’s provision through those who received them.","The specific packing list expresses trust, not a permanent rule.",3,TRUE,FALSE,"mission,dependence",TRUE
W17,Week 17 — Mark 5–6 (The Compassionate Servant),17,Mark,Shepherd,W17-Q10,How does Psalm 23 echo through the feeding of the five thousand?,theological,hard,Both mention bread from heaven,"Jesus, the Shepherd, has the crowd recline on green grass and feeds them",Both occur at night,Both involve twelve baskets,"Jesus, the Shepherd, has the crowd recline on green grass and feeds them",Mark 6:34-44; Psalm 23,See Jesus as the shepherd of Psalm 23.,"He saw sheep without a shepherd, made them lie down on green grass, and set a table in the wilderness.","The green grass detail is a deliberate shepherd-psalm echo, not scenery.",3,TRUE,FALSE,"psalm23,shepherd",TRUE
W17,Week 17 — Mark 5–6 (The Compassionate Servant),17,Mark,Sandwich,W17-Q11,Why does Mark weave the bleeding woman’s story inside Jairus’s story?,interpretation,hard,To fill time while the girl died,To let each story of desperate faith interpret the other,Because they happened years apart,To contrast rich and poor,To let each story of desperate faith interpret the other,Mark 5:21-43,Read Mark’s sandwich structure.,"Twelve years of illness, a twelve-year-old girl — two hopeless cases met by the same power through faith.","The interruption is literary design, not accident.",3,TRUE,FALSE,"structure,faith",TRUE
W17,Week 17 — Mark 5–6 (The Compassionate Servant),17,Mark,Epiphany,W17-Q12,What does Mark hint by saying Jesus “meant to pass by them” on the sea?,theological,hard,He intended to leave them,"A divine self-revelation, as God “passed by” Moses and Job",He did not see the boat,He was testing their rowing,"A divine self-revelation, as God “passed by” Moses and Job",Mark 6:48-50; Exodus 33:19-22; Job 9:8-11,Recognize the theophany language in the sea-walking.,“Passing by” is how Scripture describes God revealing His glory; Jesus says “It is I” — I AM.,"The phrase is revelation language, not an intention to abandon them.",3,TRUE,FALSE,"theophany,identity",TRUE
W18,Week 18 — Mark 7–8 (The Revealed Servant),18,Mark,Tradition,W18-Q01,What did the Pharisees criticize the disciples for?,recall,easy,Skipping the feasts,"Eating with defiled, unwashed hands",Working on the Sabbath,Speaking with Gentiles,"Eating with defiled, unwashed hands",Mark 7:1-5,Recall the handwashing controversy.,"The issue was the tradition of the elders, not hygiene or God’s written law.",The dispute concerned human tradition elevated over God’s command.,1,TRUE,FALSE,tradition,TRUE
W18,Week 18 — Mark 7–8 (The Revealed Servant),18,Mark,Heart,W18-Q02,What did Jesus say truly defiles a person?,recall,easy,Unwashed food,What comes out of the heart,Touching the unclean,Gentile company,What comes out of the heart,Mark 7:20-23,Locate defilement where Jesus does.,"Evil thoughts, deeds, and words proceed from within, from the heart.","Defilement is moral and internal, not ceremonial and external.",1,TRUE,FALSE,"heart,defilement",TRUE
W18,Week 18 — Mark 7–8 (The Revealed Servant),18,Mark,Feeding,W18-Q03,How many loaves fed the four thousand?,recall,easy,Five,Seven,Twelve,Three,Seven,Mark 8:5-9,Recall the second feeding miracle.,"Seven loaves and a few small fish fed four thousand, with seven baskets left over.",This is a distinct event from the feeding of the five thousand.,1,TRUE,FALSE,feeding,TRUE
W18,Week 18 — Mark 7–8 (The Revealed Servant),18,Mark,Confession,W18-Q04,Who did Peter declare Jesus to be at Caesarea Philippi?,recall,easy,A prophet,Elijah,The Christ,The Son of David,The Christ,Mark 8:29,Recall Peter’s confession.,"Against the crowd’s guesses, Peter answered, “You are the Christ.”","The confession is the Gospel’s hinge — identity confessed, mission still misunderstood.",1,TRUE,FALSE,"confession,peter",TRUE
W18,Week 18 — Mark 7–8 (The Revealed Servant),18,Mark,Isaiah,W18-Q05,Which prophecy did Jesus quote against honoring God with lips while hearts are far away?,recall,medium,Isaiah 40:3,Isaiah 29:13,Isaiah 53:4,Isaiah 6:9,Isaiah 29:13,Mark 7:6-7; Isaiah 29:13,Connect Jesus’ rebuke to Isaiah.,"“This people honors me with their lips, but their heart is far from me” — worship can be hollow.","The target is hypocrisy, not liturgy itself.",2,TRUE,FALSE,"isaiah29,hypocrisy",TRUE
W18,Week 18 — Mark 7–8 (The Revealed Servant),18,Mark,Syrophoenician,W18-Q06,What marked the Syrophoenician woman’s request?,interpretation,medium,She demanded her rights,"Humble, persistent faith from a Gentile",She offered payment,She quoted the law,"Humble, persistent faith from a Gentile",Mark 7:24-30,See faith beyond Israel’s borders.,"Accepting even the “crumbs,” she trusted Jesus’ power — and her daughter was freed.",Jesus’ hard saying drew out her faith rather than dismissing her.,2,TRUE,FALSE,"gentiles,faith",TRUE
W18,Week 18 — Mark 7–8 (The Revealed Servant),18,Mark,Leaven,W18-Q07,What did Jesus warn the disciples to beware of in the boat?,recall,medium,The storm ahead,The leaven of the Pharisees and of Herod,Poisoned bread,False messiahs,The leaven of the Pharisees and of Herod,Mark 8:15,Recall the leaven warning.,"While the disciples fussed over bread, Jesus warned against spreading unbelief and hardness.","Leaven pictures pervasive influence, not literal bread.",2,TRUE,FALSE,leaven,TRUE
W18,Week 18 — Mark 7–8 (The Revealed Servant),18,Mark,Bethsaida,W18-Q08,What was unusual about the healing of the blind man at Bethsaida?,recall,medium,It happened instantly,It happened in two stages,It happened on the Sabbath,It required the priests,It happened in two stages,Mark 8:22-25,Recall the two-stage healing.,"First the man saw people “like trees, walking,” then Jesus touched him again and he saw clearly.",The two stages are unique to Mark and deliberately placed.,2,TRUE,FALSE,"blind,bethsaida",TRUE
W18,Week 18 — Mark 7–8 (The Revealed Servant),18,Mark,Sight,W18-Q09,How does the two-stage healing mirror the disciples?,interpretation,hard,They also needed glasses,"They saw Jesus’ identity only partially — Messiah, but not yet the cross",They were blind to miracles,They healed others in stages,"They saw Jesus’ identity only partially — Messiah, but not yet the cross",Mark 8:22-33,Read the healing as a picture of dawning sight.,"Peter confesses the Christ, then immediately rejects the cross — clear sight comes in stages.",Mark places the healing just before the confession on purpose.,3,TRUE,FALSE,"structure,sight",TRUE
W18,Week 18 — Mark 7–8 (The Revealed Servant),18,Mark,Passion,W18-Q10,What did Jesus begin to teach immediately after Peter’s confession?,recall,hard,The transfiguration,"That the Son of Man must suffer, be killed, and rise after three days",The destruction of the temple,The coming of the Spirit,"That the Son of Man must suffer, be killed, and rise after three days",Mark 8:31,Link the confession to the first passion prediction.,From this point Jesus plainly taught the necessity of His suffering and resurrection.,"“Must” marks divine necessity, not tragic accident.",3,TRUE,FALSE,"passion,prediction",TRUE
W18,Week 18 — Mark 7–8 (The Revealed Servant),18,Mark,Rebuke,W18-Q11,"Why did Jesus say to Peter, “Get behind me, Satan”?",theological,hard,Peter had betrayed Him,"Peter was setting his mind on the things of man, opposing God’s plan of a suffering Messiah",Peter denied knowing Him,Peter doubted the miracles,"Peter was setting his mind on the things of man, opposing God’s plan of a suffering Messiah",Mark 8:32-33,Understand the severity of Jesus’ rebuke.,Rejecting the cross repeated the wilderness temptation — a kingdom without suffering.,Peter meant well; that is exactly what made the temptation serious.,3,TRUE,FALSE,"rebuke,cross",TRUE
W18,Week 18 — Mark 7–8 (The Revealed Servant),18,Mark,Discipleship,W18-Q12,What does it mean to take up your cross and follow Jesus?,theological,hard,Enduring minor hardships,"Self-denial and following Jesus in sacrificial obedience, even to death",Wearing a symbol of faith,Withdrawing from the world,"Self-denial and following Jesus in sacrificial obedience, even to death",Mark 8:34-38,Count the cost of discipleship.,Whoever would save his life will lose it; the Servant’s path is the disciple’s path.,"The cross was an instrument of death, not a metaphor for inconvenience.",3,TRUE,FALSE,"discipleship,cross",TRUE
W19,Week 19 — Mark 9–10 (The Serving King),19,Mark,Transfiguration,W19-Q01,Who appeared with Jesus at the Transfiguration?,recall,easy,Abraham and David,Moses and Elijah,Isaiah and Jeremiah,John and James,Moses and Elijah,Mark 9:4,Recall the Transfiguration scene.,The Law and the Prophets — Moses and Elijah — talked with the transfigured Jesus.,Their presence testifies that Scripture points to Jesus.,1,TRUE,FALSE,transfiguration,TRUE
W19,Week 19 — Mark 9–10 (The Serving King),19,Mark,Voice,W19-Q02,What did the Father’s voice say at the Transfiguration?,recall,easy,“This is my beloved Son; listen to him”,“Behold the Lamb of God”,“The kingdom is at hand”,“Fear not”,“This is my beloved Son; listen to him”,Mark 9:7,Recall the Father’s command.,The cloud overshadowed them and the voice commanded them to listen to the Son.,“Listen to him” includes His hard words about the cross.,1,TRUE,FALSE,"transfiguration,listen",TRUE
W19,Week 19 — Mark 9–10 (The Serving King),19,Mark,Rich Man,W19-Q03,How did the rich man respond when Jesus told him to sell all and follow?,recall,easy,He obeyed at once,"He went away sorrowful, for he had great possessions",He argued with Jesus,He asked for time,"He went away sorrowful, for he had great possessions",Mark 10:21-22,Recall the rich man’s choice.,"Jesus, loving him, exposed the one thing he lacked; wealth held his heart.","Jesus’ demand was diagnosis, not a universal command to poverty.",1,TRUE,FALSE,wealth,TRUE
W19,Week 19 — Mark 9–10 (The Serving King),19,Mark,Bartimaeus,W19-Q04,What did blind Bartimaeus cry out to Jesus?,recall,easy,"“Rabbi, teach me”","“Jesus, Son of David, have mercy on me!”","“Lord, save us”",“Hosanna in the highest”,"“Jesus, Son of David, have mercy on me!”",Mark 10:47-48,Recall Bartimaeus’s messianic cry.,"Though blind, he saw who Jesus was — the Son of David — and would not be silenced.","His title for Jesus is a confession, not politeness.",1,TRUE,FALSE,"bartimaeus,son-of-david",TRUE
W19,Week 19 — Mark 9–10 (The Serving King),19,Mark,Belief,W19-Q05,What did the father of the possessed boy cry out?,recall,medium,“Increase my faith”,“I believe; help my unbelief!”,“Have mercy on us all”,“Why could we not cast it out?”,“I believe; help my unbelief!”,Mark 9:24,"Hear honest, struggling faith.",Jesus honored a father’s imperfect but real faith and healed his son.,Real faith can coexist with the struggle against doubt.,2,TRUE,FALSE,"faith,doubt",TRUE
W19,Week 19 — Mark 9–10 (The Serving King),19,Mark,Children,W19-Q06,How must one receive the kingdom of God?,recall,medium,With great works,Like a child,With wealth to give,Through the law,Like a child,Mark 10:15,Recall Jesus’ word about children.,"He was indignant when children were hindered — the kingdom is received, not earned.","Childlikeness means dependent trust, not immaturity.",2,TRUE,FALSE,"children,kingdom",TRUE
W19,Week 19 — Mark 9–10 (The Serving King),19,Mark,Ambition,W19-Q07,What did James and John ask of Jesus?,recall,medium,To call down fire,To sit at His right and left in His glory,To lead the twelve,To remain in Galilee,To sit at His right and left in His glory,Mark 10:35-37,Recall the brothers’ request.,"On the road to the cross, they sought thrones; Jesus answered with the cup and the ransom.",The places at His right and left would be taken by crucified criminals.,2,TRUE,FALSE,"ambition,glory",TRUE
W19,Week 19 — Mark 9–10 (The Serving King),19,Mark,Greatness,W19-Q08,"According to Jesus, who is greatest in the kingdom?",recall,medium,The strongest leader,The servant of all,The most learned,The eldest,The servant of all,Mark 9:35; 10:43-44,State the kingdom’s measure of greatness.,"“If anyone would be first, he must be last of all and servant of all.”","Greatness is redefined, not abolished.",2,TRUE,FALSE,"service,greatness",TRUE
W19,Week 19 — Mark 9–10 (The Serving King),19,Mark,Ransom,W19-Q09,What is Mark 10:45’s summary of Jesus’ mission?,recall,hard,To establish an earthly throne,"The Son of Man came not to be served but to serve, and to give his life as a ransom for many",To judge the nations,To reform the temple,"The Son of Man came not to be served but to serve, and to give his life as a ransom for many",Mark 10:45,Memorize the Gospel’s theme verse.,This verse crowns the servanthood teaching and interprets the cross before it happens.,"The verse is a mission statement, not a proverb.",3,TRUE,FALSE,"ransom,servant",TRUE
W19,Week 19 — Mark 9–10 (The Serving King),19,Mark,Isaiah 53,W19-Q10,How does Isaiah 53 stand behind Mark 10:45?,theological,hard,Both mention a vineyard,The Servant bears the sin of many — a substitutionary death,Both describe a king’s coronation,Both concern the temple,The Servant bears the sin of many — a substitutionary death,Mark 10:45; Isaiah 53:10-12,Connect the ransom saying to the Suffering Servant.,“A ransom for many” echoes the Servant who was numbered with transgressors and bore the sin of many.,Jesus interpreted His own death through Isaiah 53.,3,TRUE,FALSE,"isaiah53,ransom",TRUE
W19,Week 19 — Mark 9–10 (The Serving King),19,Mark,Prayer,W19-Q11,Why could the disciples not cast out the spirit from the boy?,interpretation,hard,The spirit was too ancient,“This kind cannot be driven out by anything but prayer”,The boy lacked faith,They lacked authority,“This kind cannot be driven out by anything but prayer”,Mark 9:28-29,Learn dependence in spiritual ministry.,Past success had perhaps bred self-reliance; power flows from dependence on God.,"The lesson is dependence, not a technique for exorcism.",3,TRUE,FALSE,"prayer,dependence",TRUE
W19,Week 19 — Mark 9–10 (The Serving King),19,Mark,Marriage,W19-Q12,How did Jesus ground His teaching on marriage?,theological,hard,In Moses’ concession,"In creation — God made them male and female, and the two become one flesh",In Roman law,In the practice of the patriarchs,"In creation — God made them male and female, and the two become one flesh",Mark 10:6-9,Trace Jesus’ argument from creation.,"Jesus went behind Moses’ concession to God’s design: “What God has joined together, let not man separate.”",Hardness of heart occasioned the concession; creation states the intent.,3,TRUE,FALSE,"marriage,creation",TRUE
W20,Week 20 — Mark 11–16 (The Suffering Servant Triumphs),20,Mark,Entry,W20-Q01,What did the crowds shout as Jesus entered Jerusalem?,recall,easy,“Crucify him!”,“Hosanna! Blessed is he who comes in the name of the Lord!”,“Behold your king!”,“Peace in heaven!”,“Hosanna! Blessed is he who comes in the name of the Lord!”,Mark 11:9-10,Recall the triumphal entry.,"The crowd spread cloaks and branches, hailing the coming kingdom of David.","Within the week, Jerusalem’s acclaim turned to rejection.",1,TRUE,FALSE,"entry,hosanna",TRUE
W20,Week 20 — Mark 11–16 (The Suffering Servant Triumphs),20,Mark,Temple,W20-Q02,What did Jesus do in the temple courts?,recall,easy,Taught quietly,Overturned the money-changers’ tables and drove out the sellers,Offered sacrifice,Anointed the altar,Overturned the money-changers’ tables and drove out the sellers,Mark 11:15-17,Recall the temple cleansing.,“My house shall be called a house of prayer for all the nations” — but they had made it a den of robbers.,"His act was prophetic judgment, not loss of temper.",1,TRUE,FALSE,temple,TRUE
W20,Week 20 — Mark 11–16 (The Suffering Servant Triumphs),20,Mark,Denial,W20-Q03,Who denied Jesus three times before the rooster crowed twice?,recall,easy,Judas,Thomas,Peter,John,Peter,Mark 14:66-72,Recall Peter’s denial.,"As Jesus had foretold, Peter denied Him and broke down weeping.",The risen Jesus specifically restored Peter — “tell his disciples and Peter.”,1,TRUE,FALSE,"peter,denial",TRUE
W20,Week 20 — Mark 11–16 (The Suffering Servant Triumphs),20,Mark,Cross,W20-Q04,Who was compelled to carry Jesus’ cross?,recall,easy,Joseph of Arimathea,Simon of Cyrene,Nicodemus,A Roman soldier,Simon of Cyrene,Mark 15:21,Recall the way to Golgotha.,"Simon, coming in from the country, carried the cross behind Jesus.",Mark names his sons — likely known to his first readers.,1,TRUE,FALSE,"cross,simon",TRUE
W20,Week 20 — Mark 11–16 (The Suffering Servant Triumphs),20,Mark,Widow,W20-Q05,Why did Jesus commend the poor widow’s offering?,interpretation,medium,It was the largest gift,Out of her poverty she gave everything she had,She gave publicly,She gave weekly,Out of her poverty she gave everything she had,Mark 12:41-44,Measure giving as Jesus does.,"Two small coins outweighed great sums, because she gave her whole living.","God measures the cost to the giver, not the amount.",2,TRUE,FALSE,"giving,widow",TRUE
W20,Week 20 — Mark 11–16 (The Suffering Servant Triumphs),20,Mark,Commandment,W20-Q06,What is the greatest commandment according to Jesus?,recall,medium,Keep the Sabbath,"Love the Lord your God with all your heart, soul, mind, and strength",Honor father and mother,Give to the poor,"Love the Lord your God with all your heart, soul, mind, and strength",Mark 12:28-31,Recall the great commandment.,Jesus joined Deuteronomy 6:4-5 with Leviticus 19:18 — love God and neighbor.,The second commandment is like it but not identical to it.,2,TRUE,FALSE,"commandment,love",TRUE
W20,Week 20 — Mark 11–16 (The Suffering Servant Triumphs),20,Mark,Curtain,W20-Q07,What happened in the temple when Jesus died?,recall,medium,The lamps went out,"The curtain was torn in two, from top to bottom",The altar cracked,The priests fled,"The curtain was torn in two, from top to bottom",Mark 15:38,Recall the sign at Jesus’ death.,Torn from top to bottom — God’s act opening the way into His presence.,The direction of the tear signals divine action.,2,TRUE,FALSE,"curtain,access",TRUE
W20,Week 20 — Mark 11–16 (The Suffering Servant Triumphs),20,Mark,Centurion,W20-Q08,"Who said, “Truly this man was the Son of God”?",recall,medium,Pilate,The centurion facing the cross,Joseph of Arimathea,The high priest,The centurion facing the cross,Mark 15:39,Recall the confession at the cross.,A Gentile executioner spoke the confession Mark’s Gospel opened with.,Mark 1:1’s title is finally confessed by a human — at the cross.,2,TRUE,FALSE,"centurion,son-of-god",TRUE
W20,Week 20 — Mark 11–16 (The Suffering Servant Triumphs),20,Mark,Gethsemane,W20-Q09,What did Jesus pray in Gethsemane?,recall,hard,“Let this people go”,"“Abba, Father… remove this cup from me. Yet not what I will, but what you will”","“Father, glorify your name”",“Into your hands I commit my spirit”,"“Abba, Father… remove this cup from me. Yet not what I will, but what you will”",Mark 14:35-36,Enter the agony of Gethsemane.,"Greatly distressed, the Son entrusted Himself to the Father’s will — and drank the cup.","The “cup” is God’s judgment, which He willingly took.",3,TRUE,FALSE,"gethsemane,cup",TRUE
W20,Week 20 — Mark 11–16 (The Suffering Servant Triumphs),20,Mark,Psalm 22,W20-Q10,Which psalm did Jesus quote from the cross?,theological,hard,Psalm 23,"Psalm 22 — “My God, my God, why have you forsaken me?”",Psalm 110,Psalm 2,"Psalm 22 — “My God, my God, why have you forsaken me?”",Mark 15:34; Psalm 22:1,Hear the cry of dereliction in its psalm.,"The psalm of the righteous sufferer — mocked, pierced, garments divided — ends in vindication.","Quoting its first line invokes the whole psalm, including its hope.",3,TRUE,FALSE,"psalm22,cross",TRUE
W20,Week 20 — Mark 11–16 (The Suffering Servant Triumphs),20,Mark,Trial,W20-Q11,"How did Jesus answer the high priest’s question, “Are you the Christ?”",theological,hard,He stayed silent,"“I am, and you will see the Son of Man seated at the right hand of Power, coming with the clouds of heaven”",“You say so”,“My kingdom is not of this world”,"“I am, and you will see the Son of Man seated at the right hand of Power, coming with the clouds of heaven”",Mark 14:61-62; Daniel 7:13,Hear Jesus’ clearest self-declaration.,"At the moment it cost His life, Jesus joined Daniel 7 and Psalm 110 to declare His identity.",The “blasphemy” verdict shows they understood the claim exactly.,3,TRUE,FALSE,"daniel7,trial",TRUE
W20,Week 20 — Mark 11–16 (The Suffering Servant Triumphs),20,Mark,Resurrection,W20-Q12,What did the young man at the tomb tell the women?,recall,hard,“He will return soon”,“He has risen; he is not here… tell his disciples and Peter”,“Do not weep”,“Seek him in Jerusalem”,“He has risen; he is not here… tell his disciples and Peter”,Mark 16:6-7,Recall the resurrection announcement.,"The crucified Jesus is risen and goes before them to Galilee, as He said.",“And Peter” — the denier is singled out for restoration.,3,TRUE,FALSE,resurrection,TRUE
W21,Week 21 — Mark 10:45 & Luke 1:1–4 (From Servant to Savior),21,Mark/Luke,Ransom,W21-Q01,"According to Mark 10:45, why did the Son of Man come?",recall,easy,To be served by the nations,To serve and to give his life as a ransom for many,To judge Israel,To restore the temple,To serve and to give his life as a ransom for many,Mark 10:45,Restate Mark’s theme verse.,The verse gathers Mark’s whole portrait: the Servant-King who dies to redeem.,"Service and sacrifice define His mission, not power.",1,TRUE,FALSE,"ransom,servant",TRUE
W21,Week 21 — Mark 10:45 & Luke 1:1–4 (From Servant to Savior),21,Mark/Luke,Theophilus,W21-Q02,To whom does Luke address his Gospel?,recall,easy,Timothy,Theophilus,The churches of Galatia,The twelve,Theophilus,Luke 1:3,Recall Luke’s addressee.,"Luke writes to “most excellent Theophilus,” likely a patron or official.",The name means “lover of God” — but he was a real recipient.,1,TRUE,FALSE,"luke,theophilus",TRUE
W21,Week 21 — Mark 10:45 & Luke 1:1–4 (From Servant to Savior),21,Mark/Luke,Method,W21-Q03,What did Luke say he did before writing his account?,recall,easy,Received a vision,Followed all things closely for some time past,Interviewed Pilate,Copied Mark exactly,Followed all things closely for some time past,Luke 1:3,Recall Luke’s claim of careful research.,Luke investigated carefully to write an orderly account.,"Inspiration worked through research, not apart from it.",1,TRUE,FALSE,"luke,research",TRUE
W21,Week 21 — Mark 10:45 & Luke 1:1–4 (From Servant to Savior),21,Mark/Luke,Sources,W21-Q04,Whose testimony does Luke say his account rests on?,recall,easy,Angels,Eyewitnesses and ministers of the word,Temple records,Roman historians,Eyewitnesses and ministers of the word,Luke 1:2,Identify Luke’s sources.,Those who saw from the beginning delivered these things to the church.,"The Gospels rest on testimony, not legend.",1,TRUE,FALSE,eyewitnesses,TRUE
W21,Week 21 — Mark 10:45 & Luke 1:1–4 (From Servant to Savior),21,Mark/Luke,Purpose,W21-Q05,"Why did Luke write, according to Luke 1:4?",recall,medium,To replace the other Gospels,That Theophilus may have certainty concerning the things he was taught,To record his travels,To defend Paul at trial,That Theophilus may have certainty concerning the things he was taught,Luke 1:4,State Luke’s purpose.,Luke writes so that instruction already received becomes grounded certainty.,Certainty — not novelty — is the goal.,2,TRUE,FALSE,"certainty,purpose",TRUE
W21,Week 21 — Mark 10:45 & Luke 1:1–4 (From Servant to Savior),21,Mark/Luke,Ransom Meaning,W21-Q06,What does “ransom” imply about how salvation works?,interpretation,medium,God overlooked sin,A price was paid to set captives free — substitution,Salvation is earned by service,Rome was bribed,A price was paid to set captives free — substitution,Mark 10:45,Unpack the ransom metaphor.,Jesus’ life is given “in the place of” the many — the language of purchase and release.,"The ransom is a costly exchange, not a metaphor for example-setting.",2,TRUE,FALSE,"ransom,substitution",TRUE
W21,Week 21 — Mark 10:45 & Luke 1:1–4 (From Servant to Savior),21,Mark/Luke,Portrait,W21-Q07,How does Mark’s Gospel as a whole portray Jesus?,interpretation,medium,As a new Moses giving law,As the Servant-King who acts with authority and gives His life,As the High Priest,As the divine Word made flesh,As the Servant-King who acts with authority and gives His life,Mark 1–16,Summarize Mark’s portrait of Jesus.,"Fast-moving action, authority over all things, and a face set toward the cross.","Each Gospel paints a distinct, complementary portrait.",2,TRUE,FALSE,"portrait,servant",TRUE
W21,Week 21 — Mark 10:45 & Luke 1:1–4 (From Servant to Savior),21,Mark/Luke,The Many,W21-Q08,Who are “the many” for whom the ransom is given?,interpretation,medium,Only the twelve,"The multitude who benefit from His substitutionary death, echoing Isaiah 53",The Romans,The angels,"The multitude who benefit from His substitutionary death, echoing Isaiah 53",Mark 10:45; Isaiah 53:11-12,Trace “many” to Isaiah’s Servant.,The Servant “bore the sin of many” — Jesus applies the Servant’s work to Himself.,"“Many” is Isaiah’s word, not a limitation of God’s offer.",2,TRUE,FALSE,"isaiah53,many",TRUE
W21,Week 21 — Mark 10:45 & Luke 1:1–4 (From Servant to Savior),21,Mark/Luke,Styles,W21-Q09,How does Luke’s approach differ from Mark’s?,interpretation,hard,Luke is shorter and faster,"Mark is fast-moving action; Luke is a carefully investigated, orderly narrative",Mark wrote for Jews only,Luke used no sources,"Mark is fast-moving action; Luke is a carefully investigated, orderly narrative",Mark 1:1; Luke 1:1-4,Compare the two evangelists’ methods.,Mark rushes with “immediately”; Luke researches and orders — both give the same Lord.,"Different styles are complementary witnesses, not contradictions.",3,TRUE,FALSE,"gospels,style",TRUE
W21,Week 21 — Mark 10:45 & Luke 1:1–4 (From Servant to Savior),21,Mark/Luke,Transition,W21-Q10,Why pair Mark 10:45 with Luke 1:1–4 in this transition week?,theological,hard,They share an author,Mark’s theme verse sums up the Servant; Luke invites certainty about who this Servant-Savior is,Both mention Theophilus,Both conclude the same story,Mark’s theme verse sums up the Servant; Luke invites certainty about who this Servant-Savior is,Mark 10:45; Luke 1:1-4,Bridge from Mark’s portrait to Luke’s project.,The plan closes Mark with his summary verse and opens Luke’s orderly case for certainty.,"The pairing is a bridge, not a mixture of unrelated texts.",3,TRUE,FALSE,transition,TRUE
W21,Week 21 — Mark 10:45 & Luke 1:1–4 (From Servant to Savior),21,Mark/Luke,Confidence,W21-Q11,What confidence does Luke 1:1–4 give about the Gospel records?,theological,hard,They are pious legends,"They rest on eyewitness testimony, carefully investigated — trustworthy history",They were written centuries later,They cannot be examined,"They rest on eyewitness testimony, carefully investigated — trustworthy history",Luke 1:1-4,Ground confidence in the Gospels’ historical roots.,Luke names his sources and method; Christian faith invites examination.,Faith and careful history are allies in Luke’s preface.,3,TRUE,FALSE,reliability,TRUE
W21,Week 21 — Mark 10:45 & Luke 1:1–4 (From Servant to Savior),21,Mark/Luke,Response,W21-Q12,What response does the Servant’s ransom call for from disciples?,theological,hard,Admiration from a distance,"Following Him in humble service — not to be served, but to serve",Building monuments,Withdrawing from the world,"Following Him in humble service — not to be served, but to serve",Mark 10:42-45,Apply the ransom saying to discipleship.,Jesus gave the verse as the pattern for greatness among His followers.,"The verse is a way of life for the church, not only a doctrine.",3,TRUE,FALSE,"discipleship,service",TRUE
